<?xml version="1.0" encoding="UTF-8"?><idempiere Name="Matching GI Shipment - Tambah totalan 13788" Version="1" idempiereVersion="" DataBaseVersion="" Description="" Author="" AuthorEmail="" CreatedDate="2024-10-09 16:14:12.465" UpdatedDate="2024-10-09 16:14:12.465" PackOutVersion="100" UpdateDictionary="false" Client="0-SYSTEM-System" AD_Client_UU="11237b53-9592-4af1-b3c5-afd216514b5d">
    <AD_Menu type="table">
        <SeqNo>999</SeqNo>
        <AD_Client_ID>0</AD_Client_ID>
        <AD_Org_ID>0</AD_Org_ID>
        <Name>Matching GI / Shipment</Name>
        <Description/>
        <Action>R</Action>
        <AD_Window_ID reference="id"/>
        <AD_Workflow_ID reference="id"/>
        <AD_Task_ID reference="id"/>
        <AD_Org_ID reference="id">0</AD_Org_ID>
        <IsActive>Y</IsActive>
        <IsSummary>N</IsSummary>
        <AD_Process_ID reference="uuid" reference-key="AD_Process">113d98b5-0a2a-4f3a-8738-396acaaa5254</AD_Process_ID>
        <IsSOTrx>Y</IsSOTrx>
        <AD_Form_ID reference="id"/>
        <IsReadOnly>N</IsReadOnly>
        <EntityType>U</EntityType>
        <IsCentrallyMaintained>Y</IsCentrallyMaintained>
        <AD_Menu_UU>4f561801-2434-4575-9184-9f0601a8eacb</AD_Menu_UU>
        <AD_InfoWindow_ID reference="id"/>
        <AD_Menu_Trl type="translation">
            <Description/>
            <Name>Matching GI / Shipment</Name>
            <AD_Language>zh_CN</AD_Language>
            <IsActive>Y</IsActive>
            <IsTranslated>N</IsTranslated>
        </AD_Menu_Trl>
        <AD_Attachment type="table">
            <AD_Client_ID>0</AD_Client_ID>
            <AD_Org_ID>0</AD_Org_ID>
            <AD_Org_ID reference="id">0</AD_Org_ID>
            <IsActive>Y</IsActive>
            <AD_Table_ID reference="id">284</AD_Table_ID>
            <Record_ID reference="uuid" reference-key="AD_Process">113d98b5-0a2a-4f3a-8738-396acaaa5254</Record_ID>
            <BinaryData>1.dat|byte[]</BinaryData>
            <Title>zip</Title>
            <TextMsg/>
            <AD_Attachment_UU>531a2a82-419c-429a-ac9b-fe6a677ed995</AD_Attachment_UU>
        </AD_Attachment>
        <AD_Process type="table">
            <AD_Client_ID>0</AD_Client_ID>
            <AD_Org_ID>0</AD_Org_ID>
            <AD_Org_ID reference="id">0</AD_Org_ID>
            <IsActive>Y</IsActive>
            <Name>Matching GI / Shipment</Name>
            <Description/>
            <Help/>
            <ProcedureName/>
            <IsReport>Y</IsReport>
            <Value>Matching GI / Shipment</Value>
            <IsDirectPrint>N</IsDirectPrint>
            <AD_ReportView_ID reference="id"/>
            <Classname/>
            <AccessLevel>3</AccessLevel>
            <EntityType>U</EntityType>
            <Statistic_Count>0</Statistic_Count>
            <Statistic_Seconds>0</Statistic_Seconds>
            <AD_PrintFormat_ID reference="id"/>
            <WorkflowValue/>
            <AD_Workflow_ID reference="id"/>
            <IsBetaFunctionality>N</IsBetaFunctionality>
            <ShowHelp>Y</ShowHelp>
            <JasperReport>attachment:gi_shipmentreportnew.jrxml</JasperReport>
            <AD_Form_ID reference="id"/>
            <CopyFromProcess>N</CopyFromProcess>
            <AD_Process_UU>113d98b5-0a2a-4f3a-8738-396acaaa5254</AD_Process_UU>
            <AD_CtxHelp_ID reference="id"/>
            <ExecutionType/>
            <AllowMultipleExecution>P</AllowMultipleExecution>
            <UseDatabaseReplication>N</UseDatabaseReplication>
            <AD_Process_Trl type="translation">
                <Description/>
                <Help/>
                <Name>Matching GI / Shipment</Name>
                <AD_Language>zh_CN</AD_Language>
                <IsActive>Y</IsActive>
                <IsTranslated>N</IsTranslated>
            </AD_Process_Trl>
            <AD_Process_Para type="table">
                <AD_Client_ID>0</AD_Client_ID>
                <AD_Org_ID>0</AD_Org_ID>
                <AD_Org_ID reference="id">0</AD_Org_ID>
                <IsActive>Y</IsActive>
                <Name>Client</Name>
                <Description>Client/Tenant for this installation.</Description>
                <Help>A Client is a company or a legal entity. You cannot share data between Clients. Tenant is a synonym for Client.</Help>
                <AD_Process_ID reference="uuid" reference-key="AD_Process">113d98b5-0a2a-4f3a-8738-396acaaa5254</AD_Process_ID>
                <SeqNo>10</SeqNo>
                <AD_Reference_ID reference="id">18</AD_Reference_ID>
                <AD_Reference_Value_ID reference="id"/>
                <IsRange>N</IsRange>
                <AD_Val_Rule_ID reference="id"/>
                <FieldLength>0</FieldLength>
                <IsMandatory>Y</IsMandatory>
                <DefaultValue>@AD_Client_ID@</DefaultValue>
                <VFormat/>
                <ValueMin/>
                <ValueMax/>
                <ColumnName>AD_Client_ID</ColumnName>
                <DefaultValue2/>
                <IsCentrallyMaintained>Y</IsCentrallyMaintained>
                <EntityType>U</EntityType>
                <AD_Element_ID reference="id">102</AD_Element_ID>
                <ReadOnlyLogic>1 = 1</ReadOnlyLogic>
                <DisplayLogic/>
                <AD_Process_Para_UU>f777d78f-2c2f-4314-971c-1d40423bda00</AD_Process_Para_UU>
                <IsEncrypted>N</IsEncrypted>
                <MandatoryLogic/>
                <Placeholder/>
                <Placeholder2/>
                <IsAutocomplete>N</IsAutocomplete>
                <AD_Process_Para_Trl type="translation">
                    <Description>Client/Tenant for this installation.</Description>
                    <Help>A Client is a company or a legal entity. You cannot share data between Clients. Tenant is a synonym for Client.</Help>
                    <Name>Client</Name>
                    <Placeholder/>
                    <Placeholder2/>
                    <AD_Language>zh_CN</AD_Language>
                    <IsActive>Y</IsActive>
                    <IsTranslated>N</IsTranslated>
                </AD_Process_Para_Trl>
            </AD_Process_Para>
            <AD_Reference type="table">
                <AD_Client_ID>0</AD_Client_ID>
                <AD_Org_ID>0</AD_Org_ID>
                <Name>AD_Org By PT</Name>
                <Description>AD_Org By PT</Description>
                <Help/>
                <ValidationType>T</ValidationType>
                <AD_Org_ID reference="id">0</AD_Org_ID>
                <IsActive>Y</IsActive>
                <VFormat/>
                <EntityType>U</EntityType>
                <IsOrderByValue>N</IsOrderByValue>
                <AD_Reference_UU>8e3198f8-d825-46dc-a4ca-c3c504ce1b1d</AD_Reference_UU>
                <AD_Element_ID reference="id"/>
                <AD_Reference_Trl type="translation">
                    <Description>AD_Org PT</Description>
                    <Help/>
                    <Name>AD_Org PT</Name>
                    <AD_Language>de_DE</AD_Language>
                    <IsActive>Y</IsActive>
                    <IsTranslated>N</IsTranslated>
                </AD_Reference_Trl>
                <AD_Reference_Trl type="translation">
                    <Description>AD_Org PT</Description>
                    <Help/>
                    <Name>AD_Org PT</Name>
                    <AD_Language>es_CO</AD_Language>
                    <IsActive>Y</IsActive>
                    <IsTranslated>N</IsTranslated>
                </AD_Reference_Trl>
                <AD_Reference_Trl type="translation">
                    <Description>AD_Org PT</Description>
                    <Help/>
                    <Name>AD_Org PT</Name>
                    <AD_Language>in_ID</AD_Language>
                    <IsActive>Y</IsActive>
                    <IsTranslated>N</IsTranslated>
                </AD_Reference_Trl>
                <AD_Reference_Trl type="translation">
                    <Description>AD_Org PT</Description>
                    <Help/>
                    <Name>AD_Org PT</Name>
                    <AD_Language>zh_CN</AD_Language>
                    <IsActive>Y</IsActive>
                    <IsTranslated>N</IsTranslated>
                </AD_Reference_Trl>
                <AD_Ref_Table type="table">
                    <AD_Client_ID>0</AD_Client_ID>
                    <AD_Org_ID>0</AD_Org_ID>
                    <AD_Reference_ID reference="uuid" reference-key="AD_Reference">8e3198f8-d825-46dc-a4ca-c3c504ce1b1d</AD_Reference_ID>
                    <AD_Table_ID reference="id">155</AD_Table_ID>
                    <WhereClause>AD_Org.AD_Org_ID IN (SELECT AD_Org_ID FROM AD_OrgInfo WHERE AD_OrgType_ID IN (SELECT AD_OrgType_ID FROM AD_OrgType WHERE name = 'PT')) AND AD_Org.isSummary = 'N'</WhereClause>
                    <OrderByClause>AD_Org.name</OrderByClause>
                    <AD_Org_ID reference="id">0</AD_Org_ID>
                    <IsActive>Y</IsActive>
                    <IsValueDisplayed>N</IsValueDisplayed>
                    <EntityType>U</EntityType>
                    <AD_Window_ID reference="id"/>
                    <AD_Ref_Table_UU>c8c4c8e3-38f4-4bbb-ac5c-e2bd6c62aba6</AD_Ref_Table_UU>
                    <AD_InfoWindow_ID reference="id"/>
                    <Z_ValueToDisplay_ID reference="id"/>
                    <AD_Display reference="id">522</AD_Display>
                    <AD_Key reference="id">528</AD_Key>
                </AD_Ref_Table>
            </AD_Reference>
            <AD_Process_Para type="table">
                <AD_Client_ID>0</AD_Client_ID>
                <AD_Org_ID>0</AD_Org_ID>
                <AD_Org_ID reference="id">0</AD_Org_ID>
                <IsActive>Y</IsActive>
                <Name>Organization</Name>
                <Description>Organizational entity within client</Description>
                <Help>An organization is a unit of your client or legal entity - examples are store, department. You can share data between organizations.</Help>
                <AD_Process_ID reference="uuid" reference-key="AD_Process">113d98b5-0a2a-4f3a-8738-396acaaa5254</AD_Process_ID>
                <SeqNo>20</SeqNo>
                <AD_Reference_ID reference="id">18</AD_Reference_ID>
                <AD_Reference_Value_ID reference="uuid" reference-key="AD_Reference">8e3198f8-d825-46dc-a4ca-c3c504ce1b1d</AD_Reference_Value_ID>
                <IsRange>N</IsRange>
                <AD_Val_Rule_ID reference="id"/>
                <FieldLength>0</FieldLength>
                <IsMandatory>Y</IsMandatory>
                <DefaultValue>1001791</DefaultValue>
                <VFormat/>
                <ValueMin/>
                <ValueMax/>
                <ColumnName>AD_Org_ID</ColumnName>
                <DefaultValue2/>
                <IsCentrallyMaintained>Y</IsCentrallyMaintained>
                <EntityType>U</EntityType>
                <AD_Element_ID reference="id">113</AD_Element_ID>
                <ReadOnlyLogic>1 = 1</ReadOnlyLogic>
                <DisplayLogic/>
                <AD_Process_Para_UU>94fd5b63-4a8d-488c-9482-66da8b1574d1</AD_Process_Para_UU>
                <IsEncrypted>N</IsEncrypted>
                <MandatoryLogic/>
                <Placeholder/>
                <Placeholder2/>
                <IsAutocomplete>N</IsAutocomplete>
                <AD_Process_Para_Trl type="translation">
                    <Description>Organizational entity within client</Description>
                    <Help>An organization is a unit of your client or legal entity - examples are store, department. You can share data between organizations.</Help>
                    <Name>Organization</Name>
                    <Placeholder/>
                    <Placeholder2/>
                    <AD_Language>zh_CN</AD_Language>
                    <IsActive>Y</IsActive>
                    <IsTranslated>N</IsTranslated>
                </AD_Process_Para_Trl>
            </AD_Process_Para>
            <AD_Reference type="table">
                <AD_Client_ID>0</AD_Client_ID>
                <AD_Org_ID>0</AD_Org_ID>
                <Name>C_Period Order By StartDate Desc </Name>
                <Description>Filtered &lt;= Current Date</Description>
                <Help/>
                <ValidationType>T</ValidationType>
                <AD_Org_ID reference="id">0</AD_Org_ID>
                <IsActive>Y</IsActive>
                <VFormat/>
                <EntityType>U</EntityType>
                <IsOrderByValue>N</IsOrderByValue>
                <AD_Reference_UU>cdc60a53-025d-4f90-86ae-f5cb942cc8dd</AD_Reference_UU>
                <AD_Element_ID reference="id"/>
                <AD_Reference_Trl type="translation">
                    <Description>Filtered &lt;= Current Date</Description>
                    <Help/>
                    <Name>C_Period Order By StartDate Desc</Name>
                    <AD_Language>de_DE</AD_Language>
                    <IsActive>Y</IsActive>
                    <IsTranslated>N</IsTranslated>
                </AD_Reference_Trl>
                <AD_Reference_Trl type="translation">
                    <Description>Filtered &lt;= Current Date</Description>
                    <Help/>
                    <Name>C_Period Order By StartDate Desc</Name>
                    <AD_Language>es_CO</AD_Language>
                    <IsActive>Y</IsActive>
                    <IsTranslated>N</IsTranslated>
                </AD_Reference_Trl>
                <AD_Reference_Trl type="translation">
                    <Description>Filtered &lt;= Current Date</Description>
                    <Help/>
                    <Name>C_Period Order By StartDate Desc</Name>
                    <AD_Language>in_ID</AD_Language>
                    <IsActive>Y</IsActive>
                    <IsTranslated>N</IsTranslated>
                </AD_Reference_Trl>
                <AD_Reference_Trl type="translation">
                    <Description>Filtered &lt;= Current Date</Description>
                    <Help/>
                    <Name>C_Period Order By StartDate Desc</Name>
                    <AD_Language>zh_CN</AD_Language>
                    <IsActive>Y</IsActive>
                    <IsTranslated>N</IsTranslated>
                </AD_Reference_Trl>
                <AD_Ref_Table type="table">
                    <AD_Client_ID>0</AD_Client_ID>
                    <AD_Org_ID>0</AD_Org_ID>
                    <AD_Reference_ID reference="uuid" reference-key="AD_Reference">cdc60a53-025d-4f90-86ae-f5cb942cc8dd</AD_Reference_ID>
                    <AD_Table_ID reference="id">145</AD_Table_ID>
                    <WhereClause>C_Period.StartDate &lt;= CURRENT_DATE</WhereClause>
                    <OrderByClause>C_Period.StartDate DESC</OrderByClause>
                    <AD_Org_ID reference="id">0</AD_Org_ID>
                    <IsActive>Y</IsActive>
                    <IsValueDisplayed>N</IsValueDisplayed>
                    <EntityType>U</EntityType>
                    <AD_Window_ID reference="id"/>
                    <AD_Ref_Table_UU>08c94d5f-cf46-4e04-89c3-3de52b282280</AD_Ref_Table_UU>
                    <AD_InfoWindow_ID reference="id"/>
                    <Z_ValueToDisplay_ID reference="id"/>
                    <AD_Display reference="id">482</AD_Display>
                    <AD_Key reference="id">837</AD_Key>
                </AD_Ref_Table>
            </AD_Reference>
            <AD_Val_Rule type="table">
                <AD_Client_ID>0</AD_Client_ID>
                <AD_Org_ID>0</AD_Org_ID>
                <Name>C_Period Berdasarkan PT</Name>
                <Description>Ambil C_Period_ID dari parameter organisasi nya (sesuai PT)</Description>
                <Type>S</Type>
                <Code>C_Period.AD_Org_ID = @AD_Org_ID@</Code>
                <AD_Org_ID reference="id">0</AD_Org_ID>
                <IsActive>Y</IsActive>
                <EntityType>U</EntityType>
                <AD_Val_Rule_UU>a755aa59-fc7c-40be-b938-2338881e86a3</AD_Val_Rule_UU>
            </AD_Val_Rule>
            <AD_Process_Para type="table">
                <AD_Client_ID>0</AD_Client_ID>
                <AD_Org_ID>0</AD_Org_ID>
                <AD_Org_ID reference="id">0</AD_Org_ID>
                <IsActive>Y</IsActive>
                <Name>Period</Name>
                <Description>Period of the Calendar</Description>
                <Help>The Period indicates an exclusive range of dates for a calendar.</Help>
                <AD_Process_ID reference="uuid" reference-key="AD_Process">113d98b5-0a2a-4f3a-8738-396acaaa5254</AD_Process_ID>
                <SeqNo>30</SeqNo>
                <AD_Reference_ID reference="id">18</AD_Reference_ID>
                <AD_Reference_Value_ID reference="uuid" reference-key="AD_Reference">cdc60a53-025d-4f90-86ae-f5cb942cc8dd</AD_Reference_Value_ID>
                <IsRange>N</IsRange>
                <AD_Val_Rule_ID reference="uuid" reference-key="AD_Val_Rule">a755aa59-fc7c-40be-b938-2338881e86a3</AD_Val_Rule_ID>
                <FieldLength>0</FieldLength>
                <IsMandatory>Y</IsMandatory>
                <DefaultValue/>
                <VFormat/>
                <ValueMin/>
                <ValueMax/>
                <ColumnName>C_Period_ID</ColumnName>
                <DefaultValue2/>
                <IsCentrallyMaintained>Y</IsCentrallyMaintained>
                <EntityType>U</EntityType>
                <AD_Element_ID reference="id">206</AD_Element_ID>
                <ReadOnlyLogic/>
                <DisplayLogic/>
                <AD_Process_Para_UU>b18fdb6d-11f0-43a5-a693-7e0db7a77c67</AD_Process_Para_UU>
                <IsEncrypted>N</IsEncrypted>
                <MandatoryLogic/>
                <Placeholder/>
                <Placeholder2/>
                <IsAutocomplete>N</IsAutocomplete>
                <AD_Process_Para_Trl type="translation">
                    <Description>Period of the Calendar</Description>
                    <Help>The Period indicates an exclusive range of dates for a calendar.</Help>
                    <Name>Period</Name>
                    <Placeholder/>
                    <Placeholder2/>
                    <AD_Language>zh_CN</AD_Language>
                    <IsActive>Y</IsActive>
                    <IsTranslated>N</IsTranslated>
                </AD_Process_Para_Trl>
            </AD_Process_Para>
            <AD_Reference type="table">
                <AD_Client_ID>0</AD_Client_ID>
                <AD_Org_ID>0</AD_Org_ID>
                <Name>M_Warehouse</Name>
                <Description/>
                <Help/>
                <ValidationType>T</ValidationType>
                <AD_Org_ID reference="id">0</AD_Org_ID>
                <IsActive>Y</IsActive>
                <VFormat/>
                <EntityType>U</EntityType>
                <IsOrderByValue>N</IsOrderByValue>
                <AD_Reference_UU>a0d43162-e7bc-4fd1-818e-85b27b9a174f</AD_Reference_UU>
                <AD_Element_ID reference="id"/>
                <AD_Reference_Trl type="translation">
                    <Description/>
                    <Help/>
                    <Name>M_Warehouse</Name>
                    <AD_Language>de_DE</AD_Language>
                    <IsActive>Y</IsActive>
                    <IsTranslated>N</IsTranslated>
                </AD_Reference_Trl>
                <AD_Reference_Trl type="translation">
                    <Description/>
                    <Help/>
                    <Name>M_Warehouse</Name>
                    <AD_Language>es_CO</AD_Language>
                    <IsActive>Y</IsActive>
                    <IsTranslated>N</IsTranslated>
                </AD_Reference_Trl>
                <AD_Reference_Trl type="translation">
                    <Description/>
                    <Help/>
                    <Name>M_Warehouse</Name>
                    <AD_Language>in_ID</AD_Language>
                    <IsActive>Y</IsActive>
                    <IsTranslated>N</IsTranslated>
                </AD_Reference_Trl>
                <AD_Reference_Trl type="translation">
                    <Description/>
                    <Help/>
                    <Name>M_Warehouse</Name>
                    <AD_Language>zh_CN</AD_Language>
                    <IsActive>Y</IsActive>
                    <IsTranslated>N</IsTranslated>
                </AD_Reference_Trl>
                <AD_Ref_Table type="table">
                    <AD_Client_ID>0</AD_Client_ID>
                    <AD_Org_ID>0</AD_Org_ID>
                    <AD_Reference_ID reference="uuid" reference-key="AD_Reference">a0d43162-e7bc-4fd1-818e-85b27b9a174f</AD_Reference_ID>
                    <AD_Table_ID reference="id">190</AD_Table_ID>
                    <WhereClause/>
                    <OrderByClause/>
                    <AD_Org_ID reference="id">0</AD_Org_ID>
                    <IsActive>Y</IsActive>
                    <IsValueDisplayed>N</IsValueDisplayed>
                    <EntityType>U</EntityType>
                    <AD_Window_ID reference="id"/>
                    <AD_Ref_Table_UU>546f014b-af61-4c4b-af5f-a4c7339a8ba5</AD_Ref_Table_UU>
                    <AD_InfoWindow_ID reference="id"/>
                    <Z_ValueToDisplay_ID reference="id"/>
                    <AD_Display reference="id">1152</AD_Display>
                    <AD_Key reference="id">1151</AD_Key>
                </AD_Ref_Table>
            </AD_Reference>
            <AD_Val_Rule type="table">
                <AD_Client_ID>0</AD_Client_ID>
                <AD_Org_ID>0</AD_Org_ID>
                <Name>M_Warehouse By Org</Name>
                <Description/>
                <Type>S</Type>
                <Code>M_Warehouse.AD_Org_ID = @AD_Org_ID@</Code>
                <AD_Org_ID reference="id">0</AD_Org_ID>
                <IsActive>Y</IsActive>
                <EntityType>U</EntityType>
                <AD_Val_Rule_UU>513fe3ef-330c-47d9-bfd4-62c830c2c8c2</AD_Val_Rule_UU>
            </AD_Val_Rule>
            <AD_Process_Para type="table">
                <AD_Client_ID>0</AD_Client_ID>
                <AD_Org_ID>0</AD_Org_ID>
                <AD_Org_ID reference="id">0</AD_Org_ID>
                <IsActive>Y</IsActive>
                <Name>Warehouse</Name>
                <Description>Storage Warehouse and Service Point</Description>
                <Help>The Warehouse identifies a unique Warehouse where products are stored or Services are provided.</Help>
                <AD_Process_ID reference="uuid" reference-key="AD_Process">113d98b5-0a2a-4f3a-8738-396acaaa5254</AD_Process_ID>
                <SeqNo>40</SeqNo>
                <AD_Reference_ID reference="id">30</AD_Reference_ID>
                <AD_Reference_Value_ID reference="uuid" reference-key="AD_Reference">a0d43162-e7bc-4fd1-818e-85b27b9a174f</AD_Reference_Value_ID>
                <IsRange>N</IsRange>
                <AD_Val_Rule_ID reference="uuid" reference-key="AD_Val_Rule">513fe3ef-330c-47d9-bfd4-62c830c2c8c2</AD_Val_Rule_ID>
                <FieldLength>0</FieldLength>
                <IsMandatory>N</IsMandatory>
                <DefaultValue/>
                <VFormat/>
                <ValueMin/>
                <ValueMax/>
                <ColumnName>M_Warehouse_ID</ColumnName>
                <DefaultValue2/>
                <IsCentrallyMaintained>Y</IsCentrallyMaintained>
                <EntityType>U</EntityType>
                <AD_Element_ID reference="id">459</AD_Element_ID>
                <ReadOnlyLogic/>
                <DisplayLogic/>
                <AD_Process_Para_UU>9290bc71-3208-4b7b-9565-dcf42f4485b6</AD_Process_Para_UU>
                <IsEncrypted>N</IsEncrypted>
                <MandatoryLogic/>
                <Placeholder/>
                <Placeholder2/>
                <IsAutocomplete>N</IsAutocomplete>
                <AD_Process_Para_Trl type="translation">
                    <Description>Storage Warehouse and Service Point</Description>
                    <Help>The Warehouse identifies a unique Warehouse where products are stored or Services are provided.</Help>
                    <Name>Warehouse</Name>
                    <Placeholder/>
                    <Placeholder2/>
                    <AD_Language>zh_CN</AD_Language>
                    <IsActive>Y</IsActive>
                    <IsTranslated>N</IsTranslated>
                </AD_Process_Para_Trl>
            </AD_Process_Para>
            <AD_Process_Para type="table">
                <AD_Client_ID>0</AD_Client_ID>
                <AD_Org_ID>0</AD_Org_ID>
                <AD_Org_ID reference="id">0</AD_Org_ID>
                <IsActive>Y</IsActive>
                <Name>User/Contact</Name>
                <Description>User within the system - Internal or Business Partner Contact</Description>
                <Help>The User identifies a unique user in the system. This could be an internal user or a business partner contact</Help>
                <AD_Process_ID reference="uuid" reference-key="AD_Process">113d98b5-0a2a-4f3a-8738-396acaaa5254</AD_Process_ID>
                <SeqNo>50</SeqNo>
                <AD_Reference_ID reference="id">18</AD_Reference_ID>
                <AD_Reference_Value_ID reference="id"/>
                <IsRange>N</IsRange>
                <AD_Val_Rule_ID reference="id"/>
                <FieldLength>0</FieldLength>
                <IsMandatory>N</IsMandatory>
                <DefaultValue>@AD_User_ID@</DefaultValue>
                <VFormat/>
                <ValueMin/>
                <ValueMax/>
                <ColumnName>AD_User_ID</ColumnName>
                <DefaultValue2/>
                <IsCentrallyMaintained>Y</IsCentrallyMaintained>
                <EntityType>U</EntityType>
                <AD_Element_ID reference="id">138</AD_Element_ID>
                <ReadOnlyLogic>1=1</ReadOnlyLogic>
                <DisplayLogic>1 = 0</DisplayLogic>
                <AD_Process_Para_UU>ef73dff2-6bef-4fd0-bd31-1e0d247e5458</AD_Process_Para_UU>
                <IsEncrypted>N</IsEncrypted>
                <MandatoryLogic/>
                <Placeholder/>
                <Placeholder2/>
                <IsAutocomplete>N</IsAutocomplete>
                <AD_Process_Para_Trl type="translation">
                    <Description>User within the system - Internal or Business Partner Contact</Description>
                    <Help>The User identifies a unique user in the system. This could be an internal user or a business partner contact</Help>
                    <Name>User/Contact</Name>
                    <Placeholder/>
                    <Placeholder2/>
                    <AD_Language>zh_CN</AD_Language>
                    <IsActive>Y</IsActive>
                    <IsTranslated>N</IsTranslated>
                </AD_Process_Para_Trl>
            </AD_Process_Para>
        </AD_Process>
    </AD_Menu>
</idempiere>
